feature_0,feature_1,feature_2,feature_3,feature_4,feature_5,feature_6,feature_7,feature_8,feature_9,feature_10,feature_11,feature_12,feature_13,feature_14,feature_15,feature_16,feature_17,feature_18,feature_19,feature_20,feature_21,feature_22,feature_23,feature_24,feature_25,feature_26,feature_27,feature_28,feature_29,feature_30,feature_31,feature_32,feature_33,feature_34,feature_35,class
235361.0,0.1308148755418937,0.05442570081865542,0.02772595716530224,0.021829984288431324,0.014387662283965931,0.010101711734061027,0.008409823865045895,0.007587033821218887,0.008662862813197718,0.009653518564458778,0.011192425370048789,0.01239146613743488,0.01451087405937319,0.014409162325312164,0.02397668072438601,0.010835193913834449,0.020374596874224757,0.010600347308360208,0.01706276358223766,0.010972463408583478,0.011570329942942197,0.012232696601339618,0.016871743984123045,0.02301331348714132,0.02849913172909948,0.13953113371371867,0.4591714214835029,406.46986282090546,0.2949323406719705,0.9565243342337267,0.06003231641817297,6474.0,9357.0,3.8691213074217727,0.4811627306311571,chichen_itza
164277.0,0.11152851343702266,0.03154245754245754,0.020073260073260074,0.015754245754245753,0.010516150516150517,0.00538061938061938,0.003724941724941725,0.00313020313020313,0.006461538461538461,0.009001665001665002,0.012183150183150183,0.011973359973359974,0.01292973692973693,0.012468198468198468,0.046856476856476856,0.008343656343656344,0.03858008658008658,0.011413253413253414,0.04167365967365967,0.016023310023310023,0.016879120879120878,0.013023643023643023,0.017175491175491175,0.023294705294705294,0.0252007992007992,0.21192074592074592,0.37447552447552446,342.6129260999175,0.594648959267698,0.9151246532538678,0.059720092936068975,9141.0,6808.0,3.8768866248602456,0.501944044920967,chichen_itza
292804.0,0.12713002564298725,0.04291759672619048,0.021655720581501833,0.021456830929487178,0.016986821771978022,0.012480325663919415,0.009972384386446886,0.00879872081043956,0.011091675251831502,0.013275526556776556,0.016292496565934067,0.0178546388507326,0.0220302483974359,0.023129864926739928,0.03735691391941392,0.016677398122710622,0.028718091804029303,0.015702981913919414,0.026505980998168498,0.01706730769230769,0.018044943337912088,0.017622839400183152,0.02081330128205128,0.02453854739010989,0.024996780563186813,0.12251531021062272,0.3914967519459707,92.19901723419066,0.510070017185338,0.9882516263000864,0.03765695994918546,16562.0,3960.0,3.4691357708548156,0.5003586821693254,chichen_itza
11330.0,0.13848066163447523,0.057517016279902876,0.029554591410261514,0.01880746726107551,0.01273733232496119,0.010070453369422442,0.008677307646379811,0.008617601401106555,0.010946144966763523,0.01241889901683716,0.01627990287784102,0.02438005015324603,0.030430283007602595,0.037236794968753734,0.03663973251602118,0.020698165028061936,0.01924531305974605,0.010966047048521275,0.01005055128766469,0.008279266011224773,0.008179755602436015,0.008537993074075548,0.01058790749512399,0.017135692393424353,0.03214186203876925,0.05711897464474784,0.48274489511602914,385.4733477183729,0.20374879337207538,0.9031584327167689,0.021092679404382822,243.0,390.0,2.427144359283587,0.49558035714285714,chichen_itza
203032.0,0.12854501571143398,0.04334732673067257,0.02218105031308332,0.019564865963965738,0.014818729935009005,0.012035837242138818,0.010810783503956797,0.01048873329443472,0.012534699331398506,0.015198244005445807,0.019742309314702413,0.025543001912094184,0.03587134157276693,0.04166887681516339,0.05475863915473818,0.028377043755888468,0.03150282520124981,0.01852041293151571,0.022511941116592278,0.015000593582739119,0.015008171234727873,0.014196099529932988,0.016559695479425412,0.020594795163437325,0.023161724774628,0.07505790589061406,0.3809443522496786,247.302683839465,0.4477640729154961,0.9653879744937804,0.039398822686576254,9197.0,5866.0,3.667911489195188,0.5000313935132032,chichen_itza
10328.0,0.13561276574215736,0.05245901639344262,0.028892200695479386,0.02356681569796324,0.0184401390958768,0.014207650273224045,0.011843020367610532,0.01092896174863388,0.011385991058122207,0.012498758072528565,0.01551912568306011,0.018877297565822158,0.027501241927471436,0.03149528067560854,0.04099354197714854,0.018161947342275213,0.022950819672131147,0.011167411823149528,0.014684550422255341,0.010114257327372082,0.011366120218579235,0.011227024341778441,0.015022354694485842,0.020606060606060607,0.030362642821659215,0.06312965722801789,0.45259811227024344,292.5857165649556,0.2635383852363271,0.9472424016752657,0.027184670014165205,217.0,275.0,2.4025711009842827,0.4985094572368421,chichen_itza
187252.0,0.1425526026700578,0.05920219421386719,0.023110071818033855,0.024060885111490887,0.020024935404459637,0.016048749287923176,0.014005661010742188,0.013072967529296875,0.014342308044433594,0.016216595967610676,0.019084612528483074,0.022669474283854168,0.027579625447591145,0.028824806213378906,0.028293609619140625,0.021813710530598957,0.0189510981241862,0.015494982401529947,0.014554023742675781,0.013196309407552084,0.01420752207438151,0.0166622797648112,0.021048545837402344,0.024712880452473957,0.023522694905598957,0.06415653228759766,0.42514292399088544,42.72479066163898,0.41375881966607475,0.9953866502741068,0.027272131604005684,15604.0,2969.0,3.081429330733057,0.49962405428999,chichen_itza
8681.0,0.12264473448260585,0.04656862745098039,0.03528225806451613,0.015239563567362429,0.010416666666666666,0.008005218216318786,0.009448134092346617,0.008657495256166983,0.01002134724857685,0.012472327640733713,0.018066097406704618,0.02140654648956357,0.036329854522454144,0.04775458570524984,0.04233870967741935,0.02247390891840607,0.017749841872232764,0.012689753320683112,0.012175838077166351,0.009645793801391524,0.009586495888678052,0.009092346616065781,0.011128241619228336,0.01597090449082859,0.03152672359266287,0.046450031625553445,0.479502688172043,692.2101337142403,0.3256956431395379,0.8898314156909325,0.03155019853907455,248.0,290.0,2.489173886040077,0.4997760748407643,chichen_itza
7864.0,0.1321085402694233,0.04884938271604938,0.03288888888888889,0.020641975308641976,0.015012345679012346,0.011417283950617283,0.011120987654320987,0.009501234567901234,0.012819753086419753,0.014024691358024692,0.01748148148148148,0.020879012345679012,0.029590123456790123,0.039901234567901234,0.03828148148148148,0.019101234567901235,0.016612345679012347,0.011990123456790123,0.012009876543209877,0.009738271604938271,0.009481481481481481,0.010725925925925925,0.013195061728395062,0.019733333333333332,0.03225679012345679,0.05094320987654321,0.4718024691358025,363.97013888888887,0.32373798734635695,0.8821065712752238,0.02731456539658343,209.0,322.0,2.3983708413699603,0.5024614726027398,chichen_itza
9966.0,0.14149416509813836,0.05811036789297659,0.028846153846153848,0.022197005892658068,0.01586637999681478,0.014791368052237618,0.012641344163083294,0.012203376333811116,0.015209428252906514,0.01640388596910336,0.019310399745182352,0.022973403408186016,0.030876731963688484,0.038222646918299095,0.037466157031374424,0.0230928491798057,0.019927536231884056,0.014990444338270426,0.012760789934702978,0.012641344163083294,0.0118052237617455,0.011845039018952062,0.013019589106545628,0.017100652970218188,0.027791049530179964,0.051779741997133304,0.43812709030100333,348.5210330776606,0.21762119882045947,0.8865276968170999,0.0203768536905,232.0,391.0,2.4191456573478085,0.49850852272727275,chichen_itza
10898.0,0.13961843533890694,0.06116474125652793,0.03582449754708023,0.022175185947143534,0.013946035765152714,0.010662288336762147,0.008130242126918817,0.007517012185472385,0.008901724956480455,0.009495173286912486,0.012066782718784618,0.013629529988922298,0.0195046684601994,0.021720208893812314,0.030918658015508783,0.013728438043994302,0.018218863744263333,0.008941288178509258,0.01349105871182149,0.00820936857097642,0.008268713404019624,0.009594081341984492,0.01327346099066308,0.02051353062193385,0.03408371577781295,0.07742522551036557,0.49859550561797755,542.0094692448475,0.23723383481716853,0.9350525674817372,0.04033095912666062,224.0,328.0,2.6384888329077003,0.5018946482035929,chichen_itza
96499.0,0.13818708156242135,0.051671539961013646,0.02471539961013645,0.02119590643274854,0.016410331384015594,0.013268031189083821,0.012276803118908382,0.0117270955165692,0.013250487329434698,0.015760233918128655,0.01918908382066277,0.023140350877192982,0.03079727095516569,0.03373391812865497,0.0345682261208577,0.024551656920077974,0.021654970760233917,0.017049707602339183,0.01555458089668616,0.01359551656920078,0.01441812865497076,0.0155906432748538,0.018398635477582845,0.023139376218323588,0.024619883040935674,0.06220272904483431,0.4275194931773879,149.39383752681883,0.49638259624990666,0.9619932560363957,0.04462068557640819,5446.0,3644.0,3.172134861480249,0.4996991595171588,chichen_itza
6917.0,0.13159854846680094,0.049577744659711875,0.03131644311972181,0.020765027322404372,0.015419771485345256,0.010730253353204173,0.0100347739692002,0.009299552906110283,0.010690511674118231,0.013313462493790363,0.01780427223050174,0.023368107302533532,0.03513164431197218,0.04294088425235966,0.04612021857923497,0.02354694485842027,0.022533532041728765,0.013373075012419276,0.01295578738201689,0.010273224043715848,0.01146547441629409,0.012518628912071535,0.014724292101341283,0.019393939393939394,0.02615002483854943,0.049915548931942375,0.44663686040735223,405.23243987076705,0.38868461591135295,0.9280567598067484,0.03323488235305299,206.0,249.0,2.425447979933815,0.5069773706896552,chichen_itza
572082.0,0.14488609025482774,0.05323252507181697,0.018686839540371397,0.02192822150405253,0.021709203793474914,0.02042575600184672,0.019602986816456346,0.01930181241664102,0.020329572560787934,0.021752085577613624,0.02400698612393557,0.026911525661742073,0.03096746114188981,0.03231883848876577,0.03177900892582333,0.026470083743716014,0.02374127936801067,0.021125891299887144,0.019936823509797887,0.018914674066379398,0.019303014709654252,0.020122177016004925,0.021493592579768135,0.022702297822406896,0.020206137144762493,0.05757019788139941,0.3654610072329948,117.03833449597485,0.3624166498498468,0.9732629333529118,0.024482877619674437,26879.0,16364.0,3.701205519099261,0.4979213832037831,chichen_itza
74841.0,0.1376801936581439,0.050925102880658435,0.028612345679012347,0.019851851851851853,0.012839506172839505,0.009351440329218107,0.008762139917695474,0.00822551440329218,0.009866666666666666,0.011693827160493827,0.014915226337448559,0.01886090534979424,0.024953086419753086,0.026954732510288067,0.03923950617283951,0.021563786008230452,0.02610864197530864,0.014332510288065843,0.017158847736625515,0.010564609053497943,0.011041975308641976,0.010997530864197531,0.013746502057613168,0.020355555555555557,0.02877201646090535,0.07260905349794239,0.46769711934156377,305.1547184114036,0.33013697472507236,0.9488035518327834,0.02544169707415859,3025.0,4686.0,3.431613009014075,0.5001436748907502,chichen_itza
50720.0,0.13306419783191292,0.04016103896103896,0.016655844155844157,0.020397402597402598,0.018845454545454547,0.016871428571428572,0.015987012987012987,0.016096103896103896,0.019335064935064934,0.023042857142857143,0.02973896103896104,0.03453246753246753,0.044977922077922075,0.04775194805194805,0.050766233766233765,0.03653376623376623,0.03286233766233766,0.024335064935064935,0.021697402597402597,0.017676623376623377,0.01767922077922078,0.018541558441558442,0.020231168831168832,0.020567532467532467,0.016418181818181818,0.051,0.3272974025974026,50.879066683998445,0.4507116120505036,0.9947342238087784,0.03431239413642096,3490.0,383.0,2.3442179214976195,0.4994572647104128,chichen_itza
519923.0,0.1462800807325073,0.06383599175347222,0.03548692491319445,0.023599989149305556,0.013711208767361111,0.00916286892361111,0.00787136501736111,0.0072759331597222225,0.007951388888888888,0.008957790798611111,0.01070556640625,0.012638617621527778,0.016349826388888888,0.018427191840277777,0.016418185763888888,0.0129296875,0.010936686197916667,0.00913818359375,0.008496636284722222,0.007803548177083334,0.008523491753472221,0.010136447482638889,0.015406901041666667,0.02563259548611111,0.03445610894097222,0.06797770182291667,0.5361691623263889,163.36525986713565,0.25791376416205003,0.9656643966256658,0.018802899299512534,19373.0,8270.0,3.9083816937570792,0.5013026393040136,chichen_itza
4718.0,0.11649039881281122,0.03443616492796821,0.0215598609041232,0.009895678092399404,0.006855439642324888,0.005822155986090412,0.006458022851465474,0.0067759562841530055,0.010432190760059613,0.01581718827620467,0.023646299056135123,0.034456035767511176,0.04723298559364133,0.04941877794336811,0.12236462990561352,0.042185792349726775,0.06986587183308494,0.024937903626428216,0.026328862394436166,0.012896174863387979,0.009299552906110283,0.0065176353700943865,0.007729756582215599,0.010968703427719821,0.018599105812220566,0.03596621957277695,0.3395330352707402,377.39485860157157,0.536322622253542,0.8876689219133757,0.05184113525861006,218.0,180.0,2.3912025427306167,0.5058065878378378,chichen_itza
12000.0,0.14714212235950105,0.06547619047619048,0.038035714285714284,0.025575396825396824,0.01619047619047619,0.011964285714285714,0.010198412698412698,0.010138888888888888,0.008888888888888889,0.009146825396825396,0.009365079365079364,0.010674603174603175,0.012797619047619047,0.014861111111111111,0.015218253968253968,0.01107142857142857,0.009662698412698413,0.009186507936507937,0.00859126984126984,0.008551587301587301,0.010238095238095239,0.011547619047619048,0.017023809523809524,0.024087301587301588,0.031646825396825395,0.06317460317460317,0.536686507936508,258.4723881191272,0.13791421579781302,0.9366134818546568,0.01428854701354799,222.0,143.0,2.292822688546393,0.5019406847133758,chichen_itza
38826.0,0.13977299436661408,0.047716666666666664,0.0280875,0.019295833333333335,0.0148875,0.0131875,0.013079166666666666,0.014275,0.0164375,0.018825,0.022145833333333333,0.027858333333333332,0.03395416666666667,0.03651666666666667,0.0332,0.025745833333333332,0.021125,0.017604166666666667,0.015070833333333334,0.012916666666666667,0.012379166666666667,0.012004166666666666,0.0139625,0.019158333333333333,0.026941666666666666,0.04731666666666667,0.43630833333333335,348.09423205342233,0.22485978322481173,0.960825643077997,0.015751169697912386,1099.0,1236.0,3.144523854878574,0.5004585953878407,chichen_itza
6005.0,0.12409672393246138,0.038012976157306054,0.018130796481311946,0.01731481112924412,0.01848903395295148,0.01789197150021892,0.018090992317796442,0.01838952354416272,0.02159375870716077,0.025414958404649125,0.030987541296819646,0.04159535087370139,0.06302989292680014,0.08932054292879035,0.06699040719659276,0.03811248656609481,0.027245949926362298,0.020936990009154957,0.01773275484615691,0.015105680054133663,0.01528479878995343,0.014508617601401106,0.01596146956971699,0.016180392469052264,0.018449229789435976,0.03743581578633125,0.2777932571747005,216.1774154878926,0.37730561001123714,0.9640724771095447,0.02844302714076053,198.0,243.0,2.0122627406025937,0.503656914893617,chichen_itza
5983.0,0.12179643895484527,0.04232488822652757,0.025573770491803278,0.015737704918032787,0.010809736711376056,0.009518132141082962,0.008504719324391456,0.008564331843020368,0.009895678092399404,0.011962245404868356,0.017744659711872827,0.025772478887232986,0.042762046696472926,0.04667660208643815,0.11380029806259315,0.03550919026328862,0.042364629905613516,0.01840039741679086,0.01377049180327869,0.009001490312965724,0.009716840536512669,0.009259811227024342,0.01092896174863388,0.014247391952309986,0.022573273720814704,0.04083457526080477,0.38374565325384996,498.66034462127567,0.47255674312096446,0.9088251138600691,0.040605983014863116,222.0,372.0,2.5778341626529033,0.5066086871069182,chichen_itza
5978.0,0.1243759132480646,0.04351190476190476,0.024662698412698414,0.017083333333333332,0.010615079365079366,0.009027777777777777,0.00873015873015873,0.009345238095238096,0.011726190476190477,0.01251984126984127,0.01728174603174603,0.025634920634920635,0.052083333333333336,0.07603174603174603,0.10988095238095238,0.035932539682539684,0.024206349206349207,0.01234126984126984,0.009365079365079364,0.009067460317460318,0.00875,0.008392857142857143,0.009166666666666667,0.01509920634920635,0.023134920634920633,0.0373015873015873,0.37910714285714286,260.90641423793596,0.40336350579720387,0.9497500793954823,0.02688546432879246,215.0,106.0,2.334767970694991,0.4963063350340136,chichen_itza
27888.0,0.07986502609346609,0.03471403376165281,0.0254875283446712,0.014971025447215923,0.009478458049886621,0.007044595616024187,0.006308893927941547,0.005391786344167296,0.005618543713781809,0.005946082136558327,0.0056890904509952125,0.005724363819601915,0.008400100781053162,0.011927437641723356,0.01855379188712522,0.005618543713781809,0.014583018392542202,0.004464600655076845,0.014053917863441673,0.004348702443940539,0.004797178130511464,0.005129755605946082,0.00798185941043084,0.012819349962207105,0.02928193499622071,0.38105820105820104,0.3506072058453011,219.8517576399929,0.5345710402597112,0.9820710266727175,0.38305238510398903,1237.0,1083.0,2.58434169641101,0.2933430989583333,chichen_itza
13468.0,0.1474171794427904,0.07082393892646652,0.04667536885408014,0.020687472805664332,0.010264625608164234,0.0073968593014516835,0.005933309600094933,0.004885091570744828,0.004529092994739132,0.005201534749416558,0.005419089434753372,0.006348641272101579,0.009097741386812231,0.013330168901546617,0.010897511965507693,0.005873976504093984,0.006407974368102528,0.005003757762746727,0.005636644120090187,0.0050828685574146595,0.00648708516277046,0.007495747794786599,0.010343736402832166,0.019579921680313278,0.04058383766464934,0.06758039634508128,0.598433606265575,734.3581731246155,0.08131653621818863,0.9008268681121843,0.009734146915436358,243.0,372.0,2.7845506519535883,0.50390625,chichen_itza
8765.0,0.12832748229214996,0.04859790874524715,0.026516951837769327,0.017427122940430924,0.010733523447401774,0.00762436628643853,0.007465937896070976,0.0071886882129277565,0.010159220532319392,0.013090145754119138,0.017090462610899873,0.021546261089987327,0.02241761723700887,0.023645437262357415,0.07388704055766794,0.0178628010139417,0.06103453738910013,0.01730830164765526,0.028754752851711026,0.0125356463878327,0.011050380228136883,0.007426330798479088,0.009505703422053232,0.01417934093789607,0.027606147021546262,0.056024239543726234,0.42932113434727504,1089.31041269084,0.348969002417683,0.8162983574431263,0.047822941424408724,239.0,422.0,2.850787741796402,0.503344872754491,chichen_itza
33641.0,0.13750036590015163,0.050019470404984424,0.028081191588785047,0.020974493769470404,0.015571456386292835,0.012942951713395639,0.012441588785046729,0.012529205607476635,0.01384832554517134,0.01563473520249221,0.019840342679127727,0.025330996884735203,0.03609326323987539,0.043292445482866045,0.040766160436137074,0.0276333722741433,0.021875,0.016598520249221184,0.014369158878504673,0.0125,0.012412383177570093,0.012193341121495328,0.01445677570093458,0.019626168224299065,0.02546242211838006,0.04881717289719626,0.4266890576323987,213.97254764307547,0.28388915688662175,0.954274183915218,0.023341023686660117,944.0,707.0,2.7008947456765737,0.5001459371108343,chichen_itza
8050.0,0.1265229460726595,0.05468253968253968,0.033928571428571426,0.02007936507936508,0.011408730158730158,0.007837301587301587,0.007658730158730159,0.006527777777777778,0.011845238095238094,0.012916666666666667,0.014146825396825397,0.018134920634920636,0.027182539682539683,0.03321428571428572,0.05150793650793651,0.02253968253968254,0.028115079365079364,0.014126984126984127,0.013333333333333334,0.008333333333333333,0.009603174603174603,0.00748015873015873,0.009742063492063493,0.01607142857142857,0.032202380952380955,0.05438492063492063,0.4729960317460317,812.575728619207,0.31617998406031234,0.8932270916325222,0.028996764629094972,226.0,219.0,2.6928166701892904,0.5028409090909091,chichen_itza
7811.0,0.13294984973604287,0.05150843297173173,0.03226700451342149,0.019379998416343337,0.014233114260828253,0.012451500514688416,0.012134769182041334,0.012669253305883284,0.0136986301369863,0.014173727135956925,0.01623248079816296,0.020864676538126535,0.02979254097711616,0.03856203974978225,0.03343495130255761,0.01934040699976245,0.017538997545332172,0.012174360598622218,0.01074906960171035,0.009303982896508037,0.009798875603769103,0.010412542560772824,0.012966188930239923,0.01775675033652704,0.03105946630770449,0.05053844326550004,0.4769577955499248,357.9202471048606,0.2770215388102109,0.9403496388757098,0.020725034985652178,209.0,113.0,2.4007373811130233,0.500396286231884,chichen_itza
239023.0,0.15059969798554823,0.0720046062923692,0.030726577437858508,0.028597688162697723,0.020478880584043107,0.013326090735268555,0.009757517816791239,0.008317834173474708,0.008044498522509994,0.008057535199026595,0.008989657569963498,0.010152963671128107,0.012768555536241961,0.013808013210498871,0.012991482704675822,0.010222492612549974,0.00911437510863897,0.007903702416130715,0.007781157656874674,0.007873283504258647,0.009203459064835738,0.012321832087606467,0.019229966973752826,0.028064053537284896,0.03155571006431427,0.07254823570311142,0.5261598296540935,135.08765934802625,0.2005497773843156,0.9801131421612858,0.016017559446819384,12827.0,8855.0,3.4223677248542757,0.49988823820101075,chichen_itza
75088.0,0.13721738912628523,0.05021366401006711,0.027596738674496645,0.020435717281879196,0.014675964765100672,0.01171875,0.010955851510067114,0.010515415268456375,0.011722682466442954,0.013702023909395972,0.017129823825503356,0.022219746224832214,0.031179215604026846,0.03540137374161074,0.032581795302013425,0.023154362416107382,0.018245333473154362,0.014265677432885907,0.012928638842281879,0.01124947567114094,0.011691222734899328,0.013079383389261744,0.016284343540268455,0.02273227768456376,0.028704383389261744,0.06208446937919463,0.45553166946308726,121.74378292559716,0.40422910277196045,0.9785963339073781,0.029425536615664258,3781.0,2021.0,3.1242478112744707,0.4990510366114759,chichen_itza
7159.0,0.12370409872854754,0.041728763040238454,0.027064083457526082,0.013571783407848982,0.007550919026328862,0.006080476900149031,0.0056830601092896175,0.007014406358668654,0.008504719324391456,0.0103725782414307,0.01526080476900149,0.028395429706905118,0.04689518132141083,0.05708892200695479,0.10656731246895182,0.037178340784898165,0.05230004967709886,0.01838052657724789,0.015280675608544462,0.008266269249875807,0.0070938897168405365,0.005226030799801292,0.006418281172379533,0.011902632886239444,0.023705911574764035,0.040675608544461006,0.3917933432687531,372.42794463723027,0.4363093065194854,0.9201967067028183,0.04606661230864102,231.0,159.0,2.452537637349668,0.4966928680981595,chichen_itza
138664.0,0.1358285757092258,0.048705512152777776,0.020889756944444445,0.020536024305555556,0.016727430555555554,0.013833550347222221,0.01254665798611111,0.012608506944444445,0.014912109375,0.01842990451388889,0.024139539930555554,0.03278537326388889,0.04571397569444444,0.051497395833333334,0.04956814236111111,0.03261935763888889,0.026123046875,0.01892361111111111,0.01603515625,0.013583984375,0.013091362847222222,0.013599175347222223,0.015856119791666668,0.019542100694444446,0.023407118055555554,0.054567057291666665,0.36975802951388886,376.2385392233516,0.354858776392805,0.9591205057069238,0.02114926017447228,5003.0,6364.0,3.439680451918267,0.4982273879402348,chichen_itza
7351.0,0.1274268468272835,0.04199485454185632,0.027409459726894913,0.01563427666732634,0.010548189194537897,0.007065109835741144,0.0068474173758163465,0.006510983574114388,0.009202453987730062,0.014605185038590936,0.022244211359588362,0.03386107263012072,0.05602612309519098,0.06958242628141698,0.07225410647140312,0.03556303186226004,0.02778547397585593,0.015337423312883436,0.009796160696615873,0.007124480506629725,0.006510983574114388,0.006233920443301009,0.009558678013061548,0.015119730852958639,0.025865822283791806,0.04173758163467247,0.4055808430635266,302.14561121369155,0.4074556356840133,0.9381733907597585,0.03012994830113896,224.0,107.0,2.327102409121168,0.5010584677419355,chichen_itza
94019.0,0.13945134435628304,0.05174959227693603,0.029273858375420875,0.018313012941919192,0.012565432975589225,0.010584359217171718,0.0108030171506734,0.011513244423400673,0.01369324757996633,0.01703723432239057,0.02257108848905724,0.028844762731481483,0.037778501157407406,0.041109335542929296,0.03748092908249158,0.02778270991161616,0.021050347222222224,0.01659498632154882,0.013464725378787878,0.01159051452020202,0.011133470117845119,0.010947693076599327,0.012876157407407407,0.018760193076599326,0.027889572811447813,0.05096702704124579,0.4336249868476431,387.26960711711445,0.28669778600998214,0.9206770097095109,0.021762536172473805,2962.0,4453.0,3.5235551589131444,0.5004755309856564,chichen_itza
36771.0,0.13670169062679655,0.04632303456714592,0.03066992964209238,0.01657081676353625,0.010651575405322728,0.00851024778219639,0.008302233098806974,0.007877026613643315,0.0098990516977669,0.012805139186295503,0.01759865402263689,0.02384827164270419,0.03976139492199449,0.04579076170082594,0.04636586111960844,0.03129091465279902,0.02264912817375344,0.0154389721627409,0.013618843683083512,0.010266136433159987,0.010468033037626185,0.010712756194554909,0.011471397981033955,0.016488222698072805,0.028880391557051088,0.05057204037932089,0.45316916488222697,218.33938051606302,0.3833974104972448,0.9520432334042583,0.03095708974507699,1600.0,1041.0,3.0789923291509784,0.5014059191954834,chichen_itza
40981.0,0.126798414292208,0.04347190113308788,0.021837628792419444,0.020364186431486714,0.015979535919171162,0.011184604846305334,0.009800353911579188,0.008573079886976625,0.009943060193509719,0.011334446442332391,0.0137033707223792,0.015444387361931673,0.02084225247595399,0.02284370808002968,0.07479236235979107,0.016022347803750323,0.05622627508062905,0.01576904415332363,0.030999372092359506,0.01382467106202015,0.015761908839227103,0.013118274966464024,0.015979535919171162,0.02007520621057739,0.02312555298684248,0.07043268544681337,0.40855024688186775,129.2492942345214,0.42940007927914065,0.9705084609945241,0.04680988170604276,1454.0,437.0,2.5913520228108906,0.4957935073296355,chichen_itza
196380.0,0.12325515173156495,0.045091460979311444,0.02772985062704689,0.016488537423116862,0.0097627606038821,0.007343238277817717,0.00687115584311846,0.006827222621615145,0.009118140426551642,0.011675852703890087,0.01608195542774982,0.02251537662752616,0.0341456985382219,0.04019809888968767,0.04738317757009346,0.02261202971483345,0.02432223021008068,0.013407620416966212,0.015172937135553958,0.00973959581436217,0.009840242830897036,0.00930505631440211,0.011844396517293713,0.017503794232766195,0.027819314641744548,0.13719306653886093,0.4000071890726096,320.6530912428044,0.403042089661197,0.9590253745751599,0.08310997924127601,7098.0,5146.0,3.7665882167626217,0.46526017042854967,chichen_itza
8470.0,0.13814272742115505,0.05665185185185185,0.033698765432098765,0.021866666666666666,0.015960493827160496,0.01228641975308642,0.011061728395061728,0.009817283950617284,0.009955555555555556,0.011614814814814816,0.014222222222222223,0.017382716049382716,0.0275358024691358,0.034587654320987656,0.031209876543209877,0.017560493827160493,0.015525925925925926,0.010706172839506173,0.010133333333333333,0.009303703703703703,0.010192592592592593,0.010251851851851852,0.013906172839506173,0.020128395061728394,0.030419753086419754,0.05803456790123457,0.4859851851851852,425.86998015873024,0.26167047847976516,0.9318427169431834,0.02376537739307804,227.0,312.0,2.4987457674458717,0.4947021484375,chichen_itza
65909.0,0.1496177246550412,0.06601883105347309,0.03662817551963048,0.023922543968733345,0.015445016876887546,0.011316397228637413,0.009799253863918991,0.008566352815775448,0.008498845265588915,0.008744004263634749,0.009159708651625511,0.010559602060756795,0.01236809379996447,0.01375377509326701,0.012549298276780956,0.009813465979747735,0.009465269141943507,0.008481080120802984,0.008413572570616451,0.008744004263634749,0.009937821993249244,0.011845798543258127,0.01680937999644697,0.023666725883815954,0.03216201812044768,0.0629952034109078,0.5503357612364541,340.4773696964952,0.11397715535722794,0.9399924468498497,0.012071347367064597,1387.0,1279.0,3.1949724720121857,0.5038205432489451,chichen_itza
9540.0,0.13498310249864728,0.04875,0.028988095238095236,0.016884920634920635,0.012242063492063492,0.010158730158730159,0.011527777777777777,0.011726190476190477,0.014523809523809524,0.01880952380952381,0.02376984126984127,0.03325396825396825,0.048035714285714286,0.05376984126984127,0.045436507936507935,0.027162698412698413,0.021130952380952382,0.01369047619047619,0.010416666666666666,0.009107142857142857,0.007956349206349207,0.007638888888888889,0.00871031746031746,0.015793650793650794,0.029186507936507938,0.048412698412698414,0.42291666666666666,543.5249243510114,0.21811226997552852,0.9342321746325284,0.015413789185258726,220.0,355.0,2.620429118908939,0.5002253605769231,chichen_itza
321607.0,0.12610058884893416,0.04431234567901234,0.02253672839506173,0.024003703703703704,0.013975308641975309,0.011132098765432098,0.009128086419753087,0.008319444444444445,0.011737345679012346,0.014198765432098765,0.01774969135802469,0.021383333333333334,0.02589043209876543,0.025856172839506173,0.051612654320987654,0.01926327160493827,0.0313962962962963,0.017660493827160492,0.0225320987654321,0.016123148148148147,0.016623148148148147,0.015934567901234566,0.0208,0.023202777777777777,0.02313425925925926,0.10811574074074073,0.3833780864197531,114.25079400367434,0.49211325151404856,0.975508132011855,0.04068733263357403,19105.0,7907.0,3.5989225195968007,0.500608832400413,chichen_itza
11135.0,0.1420457284789741,0.05594696220067287,0.036275479912923014,0.02353057589550762,0.016920641203245598,0.013101128042746883,0.0110627350089056,0.009756580249356817,0.01007322382742925,0.011003364338017019,0.01411042944785276,0.016782109637838907,0.02192756778151593,0.02895309716999802,0.023768058579061942,0.015594696220067287,0.013021967148228775,0.009618048683950128,0.009182663764100533,0.008074411240847021,0.009519097565802494,0.01205224619038195,0.01589154957451019,0.020364140114783297,0.03293093211953295,0.05499703146645557,0.5055412626162675,436.3253122083904,0.1701700236209722,0.9245404465285592,0.013695186806788193,223.0,329.0,2.475473483608106,0.5021330180921053,chichen_itza
10307.0,0.13653657041151138,0.05366591080876795,0.03176592274336635,0.021641405100051716,0.014281736086247365,0.010840593547360465,0.010442773600668337,0.009706806699287902,0.011457214464733263,0.013068385248836377,0.015634323905000597,0.02008990730795242,0.029259657079205952,0.03447109838087282,0.03823049687711342,0.019632414369256473,0.016191271830369575,0.011039503520706527,0.009348768747264988,0.007837052949834904,0.00885149381389983,0.01026375462465688,0.012650674304809643,0.019075466443887495,0.030691808887297608,0.05364601981143335,0.48621553884711777,652.3506838374763,0.2114826755037275,0.8767604954386329,0.017772185998582393,204.0,465.0,2.68410230147823,0.5033815298507462,chichen_itza
81426.0,0.14156560884698047,0.054598148148148146,0.02928888888888889,0.020772222222222223,0.014785185185185186,0.01189074074074074,0.01102037037037037,0.010301851851851852,0.011188888888888889,0.012246296296296297,0.014281481481481482,0.017944444444444443,0.024746296296296297,0.02952222222222222,0.025125925925925927,0.016812962962962964,0.014416666666666666,0.01152037037037037,0.011412962962962963,0.010281481481481482,0.011062962962962964,0.012492592592592593,0.016033333333333333,0.02305740740740741,0.030553703703703704,0.06372407407407407,0.49091851851851853,232.61070448646646,0.3311623477926836,0.9574907589019177,0.02354239188028174,2622.0,1374.0,3.2185698594394325,0.5015129956986991,chichen_itza
12071.0,0.13744484514044666,0.060486835568802785,0.03507203179334327,0.023944361649279683,0.016731246895181323,0.013094883258817686,0.011962245404868356,0.01092896174863388,0.010670640834575262,0.0103725782414307,0.012916045702930949,0.016313959264778938,0.02471932439145554,0.03930452061599603,0.026587183308494786,0.016850471932439146,0.014426229508196721,0.010432190760059613,0.011127670144063587,0.009438648782911079,0.010193740685543965,0.012101341281669151,0.01581718827620467,0.022096373571783408,0.030799801291604572,0.05782414307004471,0.4757873820168902,871.8149654979858,0.14737384537872586,0.823534969650022,0.013591813769370879,226.0,518.0,2.76675894105615,0.5025217563291139,chichen_itza
6018.0,0.12323267509965562,0.03455491122137861,0.022837328869492437,0.012614336103306032,0.009107032542197246,0.00711424642793089,0.0077718658456387875,0.007193957872501544,0.014746617245571032,0.021502162172933978,0.029931647436280663,0.03792271975448875,0.05185229469321058,0.05047727227436679,0.06649927263306829,0.03282118730196688,0.0440206452641438,0.022478627368924493,0.025966003068890617,0.01422849285586178,0.013252027659871267,0.010043642015902432,0.009545445487335845,0.012395129630736733,0.023873577648910942,0.058747334648572166,0.35850222195651743,353.1409933668985,0.5095001779812868,0.8709061399967833,0.0580571703879165,246.0,348.0,2.494364074436229,0.5001882530120482,chichen_itza
72878.0,0.13104166562797148,0.04399356760561075,0.020954384012308296,0.01946904103311128,0.017384241452117127,0.016099399315842023,0.01514804327544724,0.014875934988624646,0.016659983305235937,0.01893505409430905,0.02305350508208259,0.02844656857128828,0.03754071394667496,0.04277624105929915,0.0433511465374732,0.02482118598294515,0.02675458696826358,0.01644516097353389,0.021097598900109663,0.014781822348069464,0.015471299736484607,0.016451298754439663,0.018898227408874414,0.021729790333404258,0.02285709609309786,0.08202939587868471,0.3599747123426682,148.62522915578498,0.340605294779575,0.974304441536933,0.029470471550385575,2413.0,1864.0,3.009004798649956,0.5006336885340074,chichen_itza
9077.0,0.1343018057497718,0.05347222222222222,0.029007936507936507,0.02761904761904762,0.016884920634920635,0.01234126984126984,0.01123015873015873,0.00859126984126984,0.009523809523809525,0.011646825396825397,0.0125,0.014821428571428572,0.02628968253968254,0.051349206349206346,0.05125,0.015615079365079365,0.013253968253968254,0.009662698412698413,0.009603174603174603,0.008690476190476191,0.010476190476190476,0.011468253968253968,0.015694444444444445,0.02146825396825397,0.026349206349206348,0.05559523809523809,0.4655952380952381,258.327181876095,0.2587888365515873,0.9608668208857442,0.01748168657313448,214.0,139.0,2.2179841852556277,0.5025351821192053,chichen_itza
16304.0,0.13647637406277835,0.05552592592592592,0.02868148148148148,0.019911111111111112,0.015004444444444445,0.012491851851851851,0.011638518518518519,0.01261037037037037,0.013096296296296297,0.014186666666666667,0.01682962962962963,0.0208,0.03171555555555555,0.038435555555555556,0.03762962962962963,0.02149925925925926,0.016557037037037037,0.012645925925925927,0.011448888888888889,0.009457777777777778,0.009931851851851851,0.009884444444444444,0.013736296296296297,0.018678518518518518,0.029546666666666666,0.058097777777777776,0.45995851851851854,276.8778015448604,0.22264152018047031,0.9431894407468205,0.019849032460340366,358.0,289.0,2.4925101517549315,0.49776785714285715,chichen_itza
11965.0,0.11743472387864834,0.0332012012012012,0.022486486486486486,0.01793993993993994,0.01236036036036036,0.007963963963963963,0.006636636636636636,0.005525525525525526,0.009987987987987989,0.014384384384384384,0.01842042042042042,0.018492492492492494,0.019825825825825826,0.02045045045045045,0.04217417417417418,0.01598198198198198,0.03897897897897898,0.018864864864864866,0.03635435435435436,0.0204984984984985,0.019933933933933935,0.014198198198198198,0.014510510510510511,0.01840840840840841,0.025675675675675677,0.11884084084084084,0.4079039039039039,116.15813609200382,0.5964108589583066,0.9888316594154191,0.055310324576074855,1000.0,155.0,2.383662641552,0.4936870556872038,chichen_itza
77259.0,0.12444179097518998,0.03918217054263566,0.0179031007751938,0.018453488372093024,0.016795865633074936,0.013967700258397933,0.011962532299741603,0.010614987080103359,0.01266795865633075,0.014373385012919897,0.01702325581395349,0.019449612403100777,0.026612403100775193,0.029559431524547805,0.0439780361757106,0.02301937984496124,0.031939276485788114,0.018741602067183463,0.026751937984496123,0.017369509043927648,0.018538759689922482,0.01894702842377261,0.022027131782945738,0.02492248062015504,0.022574935400516794,0.11792506459948321,0.3646989664082687,30.69793820431756,0.5513973093182488,0.9910104963309192,0.07775144516758947,4370.0,133.0,2.309527427142719,0.5005708385286783,chichen_itza
7083.0,0.12960522483401243,0.0449787047725192,0.031266170441428175,0.020280221311149146,0.012438801098594913,0.008398678501771286,0.007124945269275166,0.006368666162480595,0.008896230545715082,0.012438801098594913,0.018449229789435976,0.02929586434741074,0.04259045496158898,0.05142697926203081,0.05690005174541257,0.026589181228356486,0.028599291485889425,0.012100465708713131,0.011304382438403057,0.007443378577399196,0.006687099470604625,0.006965728615213151,0.011264578274887553,0.018688054770528997,0.028997333121044463,0.046909206703021136,0.44359750029853123,243.99094941261092,0.3788970516043233,0.90117383149598,0.036980562352427714,206.0,187.0,2.3122103272991272,0.49534354304635764,chichen_itza
8109.0,0.12732408409719248,0.044317142061502966,0.030552571905955363,0.016887456737080798,0.009169749771253531,0.006325337152404822,0.0059275172057126945,0.0059275172057126945,0.006842503083104587,0.011119067510044954,0.0187771014838684,0.029577913036559652,0.04702231769900943,0.05782312925170068,0.05078171619525003,0.02359072283884314,0.02327246688148944,0.010661574571349008,0.013187731232844014,0.006544138123085491,0.007101086048454469,0.007359669013804352,0.01026375462465688,0.015793451883677447,0.02675339141504555,0.09295063054461551,0.4214703425229741,163.4609105243199,0.30958433823362763,0.9821534323481526,0.06549945996465913,245.0,46.0,2.100743663729859,0.4856097341954023,chichen_itza
8229.0,0.12490327228960241,0.049093760546324416,0.03291445814225875,0.020229090981279653,0.014194111925039207,0.011533956683143748,0.009945804299922577,0.009211283822682787,0.011057510968177397,0.011553808587934013,0.014233815734619737,0.020507017648343357,0.030869711948861494,0.04131181386854069,0.03857225100748417,0.017191749548369165,0.018561530978897425,0.009667877632858873,0.01592122764179223,0.009092172393941198,0.01008476763345443,0.010442101919679193,0.014213963829829472,0.020209239076489388,0.030194747185992497,0.08180969964068052,0.4473825263534036,295.07427261857316,0.32344787728344276,0.9587764925770873,0.059479975649070475,232.0,197.0,2.277688610473009,0.5033553685897436,chichen_itza
82338.0,0.13445305334285615,0.047073816617014236,0.023313472360145648,0.021247931148626283,0.017216153591525986,0.014559748427672955,0.01351208209202251,0.013573320092684542,0.015685203574975173,0.018901026150281365,0.023535253227408143,0.02922045680238332,0.039074809665673615,0.0446011254551473,0.041588877855014895,0.028743793445878848,0.023949023502151605,0.018278715657067197,0.016236345580933467,0.01365441906653426,0.01300562727573651,0.013757034094670639,0.01667328699106256,0.021333995365772924,0.024102946044356175,0.05693809996689838,0.39022343594836145,124.4161528649759,0.31371204878829195,0.9865017404092704,0.02081792393543345,2648.0,1549.0,2.9110601131265823,0.49844658053134083,chichen_itza
8385.0,0.13003305180235541,0.050873015873015875,0.030119047619047618,0.020555555555555556,0.016646825396825396,0.014285714285714285,0.01234126984126984,0.011825396825396826,0.012182539682539682,0.013253968253968254,0.016646825396825396,0.02267857142857143,0.03432539682539683,0.04819444444444444,0.03912698412698413,0.023293650793650793,0.019345238095238096,0.014087301587301588,0.01246031746031746,0.01003968253968254,0.011686507936507936,0.01128968253968254,0.01503968253968254,0.020396825396825396,0.028253968253968254,0.04857142857142857,0.4424801587301587,239.03370361522533,0.2926232637491733,0.953712749489492,0.021085750106436017,207.0,275.0,2.2218811491874524,0.501171875,chichen_itza
7699.0,0.09470913076277314,0.03912028796329259,0.029330327123135953,0.01329061350421265,0.008247300344131956,0.005933309600094933,0.005379534037419406,0.003540208061389977,0.0044499822000712,0.004964202365412761,0.005399311736086389,0.004944424666745778,0.007297970808116768,0.00953285075748586,0.025533008979075195,0.005221312448083541,0.021458803053676673,0.0038566512400617066,0.02104347138167003,0.004331316008069301,0.004786203077409913,0.004885091570744828,0.008227522645464974,0.014002610656224043,0.03186187255250979,0.32759780071990824,0.38576401249950554,400.77364442592705,0.48598440898457357,0.9662521296336121,0.35545317837762525,307.0,303.0,2.409263158363843,0.37525614754098363,chichen_itza
7961.0,0.13832681116878343,0.05274468085106383,0.03142553191489362,0.020851063829787235,0.014361702127659574,0.012574468085106382,0.011829787234042554,0.013148936170212766,0.013531914893617021,0.015914893617021277,0.01953191489361702,0.022914893617021277,0.028829787234042552,0.03153191489361702,0.030808510638297874,0.021191489361702127,0.018340425531914895,0.013659574468085106,0.013872340425531916,0.011638297872340426,0.011127659574468086,0.009893617021276595,0.013170212765957447,0.018638297872340427,0.029851063829787233,0.0494468085106383,0.46917021276595744,311.2185337093053,0.2381533372857632,0.9321709018503792,0.019593495628004994,202.0,270.0,2.3610252822938294,0.5003232758620689,chichen_itza
10229.0,0.13947309834575677,0.05894962486602358,0.03409947997300623,0.01982851018220793,0.012960978127108887,0.01111508078281926,0.009844785836211345,0.010261601365567068,0.012702949466079156,0.014826723829939265,0.017248223571910602,0.023103489341431464,0.032471914572664844,0.03632249612957009,0.034059783255924736,0.02133698543130483,0.01687110475963638,0.0120281052756937,0.010916597197411775,0.009666150609344608,0.00930888015561113,0.00887221626771466,0.011750228256123218,0.016970346552340122,0.0315985867968719,0.05579373585804454,0.46709142153943867,1166.7353643966549,0.2138883803776942,0.8514337371522963,0.017090935152186456,225.0,556.0,2.9948510448582324,0.4963788777372263,chichen_itza
7423.0,0.1329614947103701,0.04893185344313164,0.028245216215141027,0.020388272267971515,0.014281736086247365,0.012531328320802004,0.011556669451406293,0.011079285515375742,0.0128296932808211,0.017344949675776742,0.020885547201336674,0.02577873254564984,0.041194255479969764,0.0510005171659307,0.05119942713927676,0.027171102359072285,0.023391812865497075,0.01517683096630465,0.013466205195528503,0.011974380395433026,0.010800811552691253,0.01201416239010224,0.015057484982297012,0.018697537494529976,0.025301348609619287,0.04668417074432112,0.4130166686557664,410.8414695018468,0.31648449254391137,0.9083750411113719,0.024738328212761205,216.0,238.0,2.4233696836147955,0.5023636544585988,chichen_itza
9529.0,0.1361044557799618,0.05333492423338504,0.02736348088931313,0.022551008232907767,0.018474326850415623,0.01598854551962773,0.014616394225032813,0.013363560434315714,0.01427832796404566,0.01598854551962773,0.019428866881438172,0.021636240703177823,0.02807938591258004,0.03517877739331027,0.03426400986358032,0.01883227936204908,0.02048283816569224,0.012409020403293163,0.012568110408463588,0.010022670325736786,0.010480054090601758,0.010042556576383088,0.012230044147476435,0.018176033090721074,0.03136061726922006,0.06274112078908643,0.44610826074851845,661.7260735951469,0.24081514498506146,0.9301957288808759,0.020105180275918812,200.0,375.0,2.5934301476573736,0.49547549460431656,chichen_itza
21005.0,0.1358809893826196,0.047019077901430846,0.028650919827390417,0.019106291165114694,0.014677492618669088,0.012162162162162163,0.011441062911651147,0.010799454917101976,0.012849193731546672,0.014155121508062685,0.018214853508971156,0.024063138769021122,0.03451623892800364,0.03934249375425846,0.03395980013627072,0.02404042698160345,0.01989552577787872,0.01489893254599137,0.01285487167840109,0.010243016125369066,0.00970361117419941,0.01068021803315921,0.013155802861685214,0.019929593459005225,0.029877356347944584,0.053208039972745855,0.46055530320236204,187.3126294231426,0.3630134020825008,0.9672801027201268,0.025466663292850654,780.0,254.0,2.6674743339800666,0.4974696114088821,chichen_itza
242996.0,0.1172947373012382,0.0379443359375,0.017601318359375,0.017787679036458334,0.01436279296875,0.011341552734375,0.00977294921875,0.009045003255208333,0.011215006510416667,0.013810628255208334,0.017388916015625,0.020496012369791667,0.027243245442708335,0.02969930013020833,0.04211222330729167,0.020602620442708334,0.030801188151041665,0.016440836588541667,0.027716878255208334,0.015810953776041668,0.016277669270833333,0.01660400390625,0.019369303385416668,0.021242268880208335,0.019562174479166666,0.16916707356770833,0.34658406575520834,59.69380781005733,0.5211654147097711,0.9929819062754238,0.05802704643510333,14285.0,3107.0,3.0935363694504345,0.48493662699283313,chichen_itza
45375.0,0.1421222656913539,0.045893333333333335,0.026282666666666666,0.018056,0.0134,0.01168,0.011973333333333334,0.012626666666666666,0.015461333333333334,0.018253333333333333,0.022968,0.028072,0.03421866666666667,0.03693066666666667,0.036016,0.02941066666666667,0.024234666666666668,0.019509333333333333,0.016253333333333335,0.013290666666666666,0.012434666666666667,0.011917333333333334,0.01364,0.018192,0.02598666666666667,0.04749066666666667,0.435808,138.0017489986649,0.3522413762282554,0.9793640798602106,0.021473587925744338,1770.0,1189.0,2.8506642570173026,0.4989220727848101,chichen_itza
6212.0,0.12177162657088735,0.04528466921119593,0.03371501272264631,0.01582379134860051,0.009999204834605598,0.008369115776081425,0.007057092875318066,0.0056257951653944024,0.008866094147582698,0.00960162213740458,0.013259382951653943,0.014392493638676845,0.022841125954198474,0.028944020356234095,0.05601940203562341,0.017513517811704835,0.03484812340966921,0.013060591603053435,0.027512722646310432,0.012205788804071247,0.0122654262086514,0.012444338422391857,0.014571405852417302,0.019759860050890584,0.028486800254452927,0.07078959923664122,0.45674300254452926,543.5258290816325,0.4310228515236519,0.9471201802298049,0.1056874230376879,225.0,260.0,2.5815599274861065,0.5077839872262774,chichen_itza
4852.0,0.1222424301886456,0.04262919742795904,0.03222989600698579,0.021711518615543383,0.011728983091212194,0.010796221322537112,0.009010081765499722,0.009168849726125267,0.011867905056759546,0.013296816702389459,0.016710327855838692,0.01841708343256331,0.0254624116853219,0.033122965785504485,0.04203381757561324,0.019587997142176707,0.02623640549337144,0.015182186234817813,0.017305707708184487,0.013296816702389459,0.013138048741763912,0.012165594982932444,0.014527268397237437,0.01800031753592125,0.03082083035643407,0.06209811859966659,0.4594546320552513,178.59114557378356,0.49097025207998335,0.9769355990896149,0.051269217653931054,246.0,109.0,2.0664610114153006,0.50390625,chichen_itza
127344.0,0.13676822608729092,0.05946275946275946,0.03483378019460494,0.02074695064385786,0.011507621816900168,0.008369522802512493,0.006879146054403786,0.0064989992825044375,0.007628110720894226,0.008993869818612086,0.01096635323439447,0.012673237415505457,0.016122251173797567,0.017343252394798787,0.026586357514192565,0.01189028611709024,0.01721108215953577,0.009934166635197562,0.014269350351824578,0.009301008270080435,0.009628286947874577,0.01024004632252055,0.014917613886686052,0.02256586483390607,0.0342774064423549,0.0982603879511096,0.49889228755208137,326.0944477550265,0.28025303173812444,0.9452476853609344,0.021073263021282353,4167.0,3102.0,3.628233225718169,0.501498356967107,chichen_itza
8432.0,0.13141227421021207,0.04733233979135618,0.029746646795827125,0.019493293591654248,0.014008941877794338,0.012001987083954297,0.012737208147044213,0.014287133631395927,0.01689021361152509,0.02018877297565822,0.024302036761053154,0.028574267262791855,0.04325881768504719,0.05317436661698957,0.04455042225534029,0.026567312468951814,0.02070541480377546,0.015101838052657725,0.0123397913561848,0.011266766020864382,0.009816194734227521,0.010730253353204173,0.012240437158469945,0.01667163437655241,0.02817685047193244,0.04300049677098858,0.4128365623447591,278.26933508834907,0.2928261372739722,0.9227568127782075,0.023428988905431207,227.0,239.0,2.3785838634853538,0.49939718364197533,chichen_itza
101991.0,0.12333423271977165,0.0387091156462585,0.015216326530612246,0.017910566893424035,0.019237732426303854,0.01745124716553288,0.01742294784580499,0.017208888888888888,0.019441632653061224,0.021467573696145124,0.02464,0.027631020408163266,0.03562086167800454,0.039859954648526076,0.04647401360544218,0.026735600907029478,0.030713469387755103,0.02136671201814059,0.02639455782312925,0.020646167800453516,0.021559002267573697,0.021687437641723355,0.02248199546485261,0.020282630385487527,0.015430385487528345,0.10605641723356009,0.30835374149659867,38.99999128477015,0.5126796566172298,0.9968805475291898,0.05035474545452086,6361.0,1041.0,2.225566769347344,0.48996624747644685,chichen_itza
87298.0,0.14466363606757296,0.061745756172839505,0.038564814814814816,0.018090277777777778,0.010617283950617284,0.007621527777777777,0.007004243827160494,0.006930941358024691,0.008412422839506172,0.009893904320987655,0.012777777777777779,0.01578510802469136,0.019266975308641975,0.021379243827160496,0.01982253086419753,0.01507716049382716,0.011952160493827161,0.009193672839506173,0.00785108024691358,0.006572145061728395,0.006709104938271605,0.007511574074074074,0.011377314814814814,0.019309413580246914,0.03712191358024691,0.06495756172839506,0.5444540895061728,437.2038234271811,0.26298323384431277,0.9311125009046588,0.018210840900505055,2695.0,2852.0,3.6167437061892445,0.5011763320089649,chichen_itza
6657.0,0.13437702224301568,0.050793650793650794,0.02744047619047619,0.019404761904761904,0.01490079365079365,0.013253968253968254,0.013313492063492064,0.014226190476190476,0.013948412698412698,0.017261904761904763,0.021825396825396824,0.027857142857142858,0.03884920634920635,0.04886904761904762,0.042261904761904764,0.027281746031746032,0.02216269841269841,0.01494047619047619,0.014484126984126985,0.012321428571428572,0.01242063492063492,0.011746031746031746,0.015535714285714286,0.018273809523809526,0.023948412698412698,0.04726190476190476,0.41541666666666666,257.96603758560286,0.33909520655935865,0.9386183855209392,0.03309754466720579,195.0,164.0,2.184899291802441,0.5057901152482269,chichen_itza
10079.0,0.13978936798659158,0.052854541135481825,0.03177211180616042,0.019439385541214663,0.015302082508512154,0.012451500514688416,0.013342307387758334,0.011481510808456727,0.01354026447066276,0.01609391084012986,0.017796341753107927,0.021478343495130257,0.027278486024229946,0.03125742339060891,0.03187109034761264,0.019221632750019795,0.02165650486974424,0.012570274764431072,0.013183941721434793,0.009680101354026447,0.009897854145221315,0.010867843851453006,0.011996199224008235,0.018291234460368993,0.030742734975057407,0.05426003642410326,0.4716723414363766,544.1911685835171,0.20695587649812533,0.8940271683199124,0.022284516655576826,207.0,269.0,2.584591777405471,0.49437881097560976,chichen_itza
7423.0,0.12172187077384754,0.039574754513778905,0.02935936015204308,0.012927621159328476,0.007621951219512195,0.005622426354133671,0.004790940766550522,0.004513778904022807,0.007404181184668989,0.009779854292049413,0.017560183718720306,0.03385334178017105,0.07669464681659803,0.10100570161545772,0.09540307253721887,0.03585286664554957,0.019817073170731708,0.008869179600886918,0.007344789356984479,0.00481073804244536,0.005642223630028508,0.005563034526449161,0.007958504909724422,0.011046879949318973,0.025439499524865378,0.038505701615457716,0.3830376940133038,345.57495829029955,0.3987342055054077,0.9322745428240394,0.028905316553177535,243.0,262.0,2.4110230907464967,0.5041458972392638,chichen_itza
10703.0,0.1385747488200297,0.05918916778842347,0.03741388866893657,0.019419589832924224,0.012985984638530366,0.009680101354026447,0.009244595771636709,0.009165412938474938,0.010867843851453006,0.010630295351967694,0.012946393221949482,0.0162522765064534,0.02482381819621506,0.03353392984400982,0.028644389896270488,0.014391479927151793,0.013084963179982579,0.009303982896508037,0.008175627523952808,0.006730540818750495,0.0070868635679784625,0.007819304774724839,0.010333359727611053,0.016747169213714466,0.03602818908860559,0.05932773774645657,0.5161730936732917,748.6600917704546,0.1705426168618297,0.8576376908845751,0.014964895363913547,222.0,321.0,2.7224719461044935,0.4996995192307692,chichen_itza
6698.0,0.12357058353012013,0.043485999050783104,0.029801455465907293,0.02592548647365923,0.020843221009333966,0.015840056953013763,0.012201392184780889,0.008819806992564468,0.01044138585666825,0.01143015345673153,0.014218478088909983,0.021258503401360544,0.04087565258661604,0.07534409112482202,0.05301771871539313,0.024383009017560513,0.016453092865052997,0.011133523176712545,0.01061936402467964,0.009017560512577124,0.01174655908875178,0.015009492168960607,0.020605916785318777,0.022207720297421293,0.026459420977693403,0.04235880398671096,0.40650213573801613,261.907241030523,0.4278332655307663,0.9565572026531857,0.0379495230135169,238.0,201.0,2.2977759861294254,0.4990042892156863,chichen_itza
8574.0,0.1341938877246298,0.05691266133502257,0.03543431783989231,0.018607965793016074,0.01195660780742735,0.009739488478897775,0.009244595771636709,0.00999683268667353,0.011362736558714072,0.013777812970148072,0.01676696492200491,0.020646923746931667,0.02571462506928498,0.030208250851215458,0.03216802597196928,0.01939979412463378,0.018944492833953597,0.014035157177923826,0.012609866181011956,0.011224166600680973,0.009977036978383086,0.009798875603769103,0.011362736558714072,0.018390213001821205,0.032959854303586986,0.05819938237390134,0.48056061445878534,473.5481397612379,0.3195012671672095,0.9411907658509198,0.02498193385511417,201.0,308.0,2.5568487853920234,0.4943021616541353,chichen_itza
8282.0,0.13687083781729523,0.05414803775459513,0.034118231495280676,0.02126179831097864,0.014783904619970194,0.011962245404868356,0.010988574267262793,0.010889220069547938,0.011723795330352707,0.013551912568306011,0.01645305514157973,0.018360655737704918,0.022314952806756085,0.025633383010432192,0.029448584202682565,0.017923497267759565,0.01901639344262295,0.011922503725782414,0.0126775956284153,0.009140586189766518,0.009677098857426727,0.010889220069547938,0.014465971187282663,0.02098360655737705,0.03254843517138599,0.05683060109289618,0.4882861400894188,230.8401539627458,0.31010106484906486,0.917755687185869,0.02882328328664053,217.0,144.0,2.2561671577815523,0.4971875,chichen_itza
6560.0,0.13528831527775914,0.04836205867133702,0.029773514309596783,0.020399633801695658,0.01422998845679258,0.013195080205389485,0.012717430243203438,0.011204872029614298,0.014269792620308084,0.016339609123114277,0.01902639016041078,0.02394220435457549,0.031146757950881662,0.03602276798153087,0.043287027823110294,0.02312621900250766,0.02790271862436811,0.0187278589340445,0.019086096405684035,0.015981371651474743,0.014628030091947618,0.012140269872228635,0.01614058830553676,0.01880746726107551,0.025713489631015406,0.061218803486844726,0.4126099590017116,273.4230900034009,0.3919841907075564,0.9354079266046141,0.04478145220106488,269.0,172.0,2.310355573693284,0.5036939538043478,chichen_itza
74084.0,0.13132401053474707,0.04217488789237668,0.01652167414050822,0.01787593423019432,0.016896860986547087,0.01586547085201794,0.015645739910313903,0.015958146487294468,0.018650224215246636,0.022814648729446937,0.028684603886397608,0.037837070254110615,0.05435874439461883,0.06340807174887893,0.05334828101644245,0.0335440956651719,0.026180866965620327,0.02053811659192825,0.01944693572496263,0.01661285500747384,0.017050822122571002,0.01790284005979073,0.018980568011958146,0.020713004484304933,0.018378176382660687,0.05581763826606876,0.3147937219730942,100.9197074503502,0.42291459154350425,0.9826551828633278,0.02820040583102225,3118.0,1643.0,2.7929564840577146,0.4978627212583246,chichen_itza
152590.0,0.13657867765909457,0.05829365079365079,0.029441798941798943,0.023263227513227513,0.015667989417989418,0.010825396825396825,0.008484126984126985,0.007190476190476191,0.008523809523809524,0.00941931216931217,0.01148941798941799,0.012497354497354497,0.016166666666666666,0.01746031746031746,0.024128306878306877,0.011325396825396825,0.017813492063492063,0.009603174603174603,0.016494708994708996,0.010777777777777778,0.01201058201058201,0.01380026455026455,0.017936507936507938,0.024947089947089947,0.03361111111111111,0.10201984126984127,0.47680820105820104,673.7678025338575,0.29527603318745366,0.8403251789743728,0.03668937433301044,4146.0,10373.0,3.9396929143427024,0.5009471864373528,chichen_itza
343399.0,0.12324120801001456,0.03972160493827161,0.019628086419753086,0.020272222222222223,0.012790740740740741,0.011140740740740741,0.009657407407407408,0.008591358024691359,0.01296111111111111,0.016678703703703703,0.02188364197530864,0.0263108024691358,0.032171913580246916,0.03720339506172839,0.07036265432098765,0.02461604938271605,0.035434567901234566,0.021794753086419753,0.025479938271604937,0.017816666666666668,0.015857716049382718,0.015422222222222223,0.0186070987654321,0.021062037037037035,0.02132067901234568,0.09902654320987654,0.3441873456790123,128.90854893242556,0.5037357098351396,0.9791597095445,0.03401845123558893,19611.0,7964.0,3.726281484551094,0.49988436938365577,chichen_itza
582368.0,0.15200187458316175,0.06382128530809952,0.037952427869809895,0.023337961239953988,0.013816223046974972,0.009424945885366035,0.0076465923014257765,0.006885846949097089,0.006879050394809495,0.007235752312937733,0.007975639274521733,0.009420727334428907,0.011514300418948981,0.012836113045915646,0.01176577292758998,0.009867190641941583,0.008893174103346998,0.008135944210132584,0.008174614260389589,0.008361636685268913,0.009345262145442512,0.010964482613476677,0.014983589836854574,0.02345842430560308,0.03612438913038791,0.0641744717671135,0.5670041819901623,80.12450997861725,0.1867296875691097,0.9822772864247311,0.018266966216940066,23582.0,1988.0,3.766396414632445,0.4995242289121009,chichen_itza
107177.0,0.13249026777154885,0.049766528925619835,0.025111570247933885,0.021927685950413223,0.01687396694214876,0.012801652892561983,0.01075,0.009668388429752066,0.011483471074380166,0.01300413223140496,0.015510330578512397,0.01719111570247934,0.02199276859504132,0.023609504132231406,0.02934710743801653,0.019112603305785125,0.021917355371900826,0.016265495867768594,0.01965082644628099,0.015665289256198346,0.016389462809917356,0.017455578512396694,0.020961776859504132,0.026036157024793387,0.026411157024793387,0.08822004132231405,0.4328760330578512,91.71894621894623,0.47125926809667673,0.988559897088891,0.05205926805441142,5312.0,2006.0,2.936979968142568,0.4995450929544999,chichen_itza
77554.0,0.12537535965720992,0.04471164021164021,0.018793650793650793,0.022484126984126985,0.019662698412698413,0.01584920634920635,0.013751322751322752,0.012534391534391535,0.01400132275132275,0.016575396825396826,0.021328042328042328,0.027962962962962964,0.040867724867724865,0.04829761904761905,0.0592473544973545,0.026794973544973545,0.031756613756613754,0.016554232804232804,0.020826719576719575,0.014226190476190476,0.015623015873015874,0.016711640211640212,0.021144179894179896,0.022736772486772486,0.019640211640211642,0.08144312169312169,0.33647486772486773,71.01495955624397,0.45792888530970544,0.9765536582618307,0.03602319262988069,3595.0,1528.0,2.3462094930222435,0.4990902767262265,chichen_itza
8294.0,0.13217040766652888,0.05236111111111111,0.029107142857142856,0.02021825396825397,0.013075396825396825,0.011468253968253968,0.01130952380952381,0.009642857142857142,0.011011904761904763,0.013055555555555556,0.01734126984126984,0.022876984126984128,0.036349206349206346,0.04932539682539683,0.050138888888888886,0.024484126984126983,0.023392857142857142,0.014186507936507936,0.014285714285714285,0.009404761904761905,0.010674603174603175,0.01005952380952381,0.013035714285714286,0.01740079365079365,0.025972222222222223,0.05095238095238095,0.4388690476190476,453.2303710781972,0.3616131101886838,0.8972192624884472,0.038182336043034545,236.0,355.0,2.478408759795464,0.5031873082822086,chichen_itza
17453.0,0.12736440049251302,0.04405121705501933,0.029215820090344805,0.01964512040557668,0.013836079425433037,0.011756199018556433,0.011837444346950051,0.011902440609664944,0.01286926001754899,0.014900393227389425,0.01884891618731923,0.0260959994800299,0.039363361606707614,0.04982775990380553,0.05029898280848851,0.026778460238536285,0.024219232394137338,0.015696597445646877,0.014729778037762828,0.012081180332130903,0.012268044587436222,0.011999935003737285,0.014372298592830911,0.01984823372656072,0.026323486399532026,0.04956777485294596,0.41766598420590817,189.58225384909747,0.3479993939010131,0.964291240035857,0.025165269089635612,558.0,565.0,2.4479838369662565,0.49908138736263735,chichen_itza
6119.0,0.13017909352231205,0.04601787487586892,0.02611717974180735,0.020854021847070508,0.01076464746772592,0.00814299900695134,0.00730883813306852,0.0061171797418073486,0.00788480635551142,0.010208540218470705,0.011499503475670308,0.014021847070506455,0.01906653426017875,0.022542204568023833,0.04357497517378352,0.014379344587884806,0.026613704071499503,0.014856007944389274,0.02051638530287984,0.011896722939424032,0.012055610724925522,0.0106454816285998,0.013207547169811321,0.01660377358490566,0.029533267130089375,0.08915590863952334,0.48641509433962266,281.14716905901116,0.41402052165341097,0.9840492570703654,0.08831375820155757,229.0,89.0,2.327645903020185,0.503615100931677,chichen_itza
9348.0,0.14069363419628073,0.06285714285714286,0.03923963133640553,0.022764976958525345,0.014331797235023041,0.010184331797235022,0.007788018433179724,0.007764976958525346,0.00695852534562212,0.008571428571428572,0.010368663594470046,0.013571428571428571,0.016129032258064516,0.016912442396313364,0.022626728110599077,0.012811059907834101,0.018502304147465436,0.008663594470046084,0.012327188940092167,0.008709677419354838,0.010483870967741936,0.009815668202764976,0.015069124423963133,0.023202764976958525,0.03129032258064516,0.061267281105990785,0.5277880184331797,495.6872611907464,0.1897851698725921,0.8054605195978131,0.019836360239454447,191.0,543.0,2.393818761344215,0.5026331018518518,chichen_itza
6740.0,0.12258048899433074,0.04210589006015127,0.03084986004407123,0.014928632402278999,0.009370099061004904,0.006432017152045739,0.005221050959839596,0.005439421912532508,0.008814245726877494,0.011236178111289779,0.014313223353780795,0.016278561928016994,0.021340797649534473,0.028427927659658944,0.053242808647489724,0.01725130526273996,0.030313858614734082,0.014233815734619737,0.021142278601631828,0.012328032874754332,0.011454549063982689,0.009628173823278343,0.012328032874754332,0.017628491453754988,0.031048379091973874,0.09681773966212058,0.4578246282730828,491.8150657632523,0.46398912043510593,0.9510908892213829,0.06445277964746847,238.0,147.0,2.531251587320829,0.49521484375,chichen_itza
66167.0,0.12645384801276316,0.04641066666666667,0.01708622222222222,0.021811555555555556,0.021274666666666667,0.018245333333333332,0.016046222222222222,0.014444444444444444,0.015984,0.018218666666666668,0.02294222222222222,0.029102222222222224,0.04270577777777778,0.051978666666666666,0.06073066666666667,0.027811555555555555,0.03238933333333333,0.017687111111111112,0.02131377777777778,0.015475555555555555,0.016922666666666666,0.019125333333333334,0.021820444444444444,0.022919111111111112,0.017477333333333334,0.0787608888888889,0.31131555555555557,72.19351134846463,0.42336750435837744,0.9755933341533318,0.03475213586013457,2610.0,1043.0,2.0935074117829857,0.4973189146833829,chichen_itza
146421.0,0.11721378715551023,0.047875434027777775,0.027135416666666665,0.01855902777777778,0.012175564236111111,0.008782552083333334,0.006781684027777778,0.0053211805555555556,0.007717013888888889,0.009306640625,0.011443142361111111,0.011776258680555556,0.015003255208333333,0.021200086805555556,0.03556206597222222,0.01057400173611111,0.02912109375,0.011219618055555556,0.027651909722222222,0.012858072916666666,0.012979600694444444,0.01254665798611111,0.015964626736111112,0.022932942708333334,0.03201714409722222,0.14764214409722223,0.4258528645833333,397.46264116931627,0.4442490526129224,0.953179195483255,0.04447253678073457,5106.0,4628.0,3.6376889395212695,0.4946452267710742,chichen_itza
5065.0,0.11953666708837382,0.02982560443915973,0.02059056678557273,0.01678557273087594,0.01198969480776853,0.009274673008323424,0.009750297265160524,0.010186286167261197,0.01377328577090765,0.01743955608402695,0.024752279032897343,0.03285770907649623,0.06300039635354736,0.09387633769322236,0.11520015854141895,0.03890210067380103,0.039793896155370594,0.016250495441934205,0.016250495441934205,0.009829567974633373,0.009869203329369797,0.009135949266745937,0.01143479984145858,0.014605628220372572,0.018529528339278636,0.03135156559651209,0.31474435196195005,56.2894244919063,0.48285989870326945,0.989599214470615,0.04673017989897879,226.0,13.0,1.6576424147111337,0.4954698350694444,chichen_itza
6192.0,0.1281366866366925,0.039325396825396826,0.025238095238095237,0.018988095238095238,0.015257936507936509,0.013452380952380952,0.013452380952380952,0.014047619047619048,0.01720238095238095,0.01988095238095238,0.024444444444444446,0.033134920634920635,0.04646825396825397,0.060515873015873016,0.05406746031746032,0.03236111111111111,0.02601190476190476,0.0173015873015873,0.014285714285714285,0.012380952380952381,0.010714285714285714,0.011825396825396826,0.014841269841269841,0.017123015873015873,0.021607142857142856,0.041666666666666664,0.3844047619047619,140.50143334925946,0.3983030955848251,0.9518999226022115,0.03463266872698633,229.0,128.0,2.0799141877134266,0.5038551879084967,chichen_itza
12389.0,0.14004386749928285,0.06303030303030303,0.04053651266766021,0.0192548435171386,0.011843020367610532,0.008087431693989072,0.007054148037754595,0.006060606060606061,0.007113760556383507,0.008464977645305514,0.011604570293094883,0.015678092399403876,0.019970193740685545,0.022632886239443616,0.028117237953303526,0.013889716840536514,0.015081967213114755,0.0092200695479384,0.008981619473422752,0.006934923000496771,0.007809239940387481,0.008246398410332837,0.011823149528067562,0.01840039741679086,0.034913065076999504,0.061341281669150524,0.5339095876800795,780.9618084639624,0.17493806974089343,0.8842109421865633,0.018159851008567204,229.0,477.0,2.7978006395027637,0.4999064371257485,chichen_itza
5746.0,0.1262447345102263,0.04598112270243418,0.02984600099354198,0.01901639344262295,0.012538499751614507,0.00916045702930949,0.007848981619473424,0.0076701440635866865,0.009816194734227521,0.012598112270243418,0.018301043219076007,0.02446100347739692,0.03459513164431197,0.03894684550422255,0.06368604073522106,0.02785891703924491,0.03417784401390959,0.01551912568306011,0.015022354694485842,0.008763040238450075,0.00832588176850472,0.008186785891703924,0.011922503725782414,0.017367113760556385,0.02611028315946349,0.04695479384003974,0.44532538499751617,381.5868732798851,0.39528126361231525,0.9329668590694363,0.03620355325044923,205.0,186.0,2.4086308294001806,0.4987692636986301,chichen_itza
9965.0,0.13431336032437288,0.045231193075515534,0.025288348855856412,0.01735233043442505,0.012469417545590987,0.00948827072925019,0.009025678981886963,0.008635045950780238,0.010074220275910277,0.01278809186044121,0.017856041448220564,0.028670408519912004,0.0554904500503711,0.06966631715290199,0.06416661526758363,0.035013055367092254,0.020785789181521002,0.012500256995415201,0.010526532206665433,0.008100495487160509,0.007946298238039433,0.007853779888566788,0.009971422109829561,0.01513189004708156,0.025093032340303047,0.04500503711013795,0.41586998087954113,138.12182260124416,0.3997792209458982,0.953871770555252,0.029554259704732463,417.0,68.0,2.257482222092754,0.49529530267295596,chichen_itza
8483.0,0.13339395511609345,0.05289452815226011,0.03237509912767645,0.019191118160190326,0.01203409992069786,0.009972244250594765,0.008267248215701824,0.008366375892149088,0.011716891356066614,0.013144329896907217,0.018536875495638382,0.022918318794607453,0.030630452022204598,0.03739095955590801,0.0401268834258525,0.020658207771609833,0.020598731165741475,0.012807295796986518,0.012232355273592387,0.00808881839809675,0.00929817605075337,0.00943695479777954,0.012172878667724029,0.018398096748612213,0.030868358445678035,0.05283505154639175,0.4750396510705789,259.7578115670899,0.30558766102215784,0.9519373085140064,0.03267446358147762,229.0,164.0,2.3082639869148323,0.5055626977848101,chichen_itza
6231.0,0.1322950987535806,0.055313675044528006,0.033247575697605385,0.0243221848406887,0.017850781713833367,0.013694834751632693,0.010627350089056006,0.009162873540471007,0.009261824658618642,0.010686720759944587,0.012824064911933504,0.015911339798139718,0.02006728676034039,0.025489808034830794,0.026894913912527213,0.016663368296061746,0.014803087274886207,0.009439936671284385,0.010825252325351276,0.009222244211359589,0.01027112606372452,0.010924203443498912,0.016208193152582623,0.02366910746091431,0.03144666534731842,0.05733227785473976,0.5038393033841282,193.01461274247026,0.35555677348848713,0.9555206868893464,0.04090719922055244,204.0,139.0,2.164881523536258,0.4996473524305556,chichen_itza
7790.0,0.13533940718294035,0.05578352661314303,0.03754584200614531,0.02008127663792249,0.01264743780354842,0.009693725840023789,0.00896025374169888,0.009535137278223808,0.009614431559123799,0.011458023590048569,0.01431261770244821,0.017563683219347804,0.025572405590246802,0.033303597977995834,0.02743582119139657,0.0176033303597978,0.014510853404698185,0.01096243433442363,0.010982257904648627,0.008643076618098919,0.00856378233719893,0.009634255129348795,0.013499851323223313,0.01990286450589751,0.03167806521954604,0.050014867677668745,0.5104965804341361,330.77915025659394,0.27008230714977455,0.9384607082469931,0.021169600750623293,195.0,233.0,2.466430942751003,0.5029447115384615,chichen_itza
